{"count":1,"self":62.6469824,"total":63.0767731,"children":{"InitializeActuators":{"count":2,"self":0.0015122999999999998,"total":0.0015122999999999998,"children":null},"InitializeSensors":{"count":2,"self":0.0058975999999999994,"total":0.0058975999999999994,"children":null},"AgentSendState":{"count":2833,"self":0.0634148,"total":0.0873668,"children":{"CollectObservations":{"count":1134,"self":0.0061865999999999996,"total":0.0061865999999999996,"children":null},"WriteActionMask":{"count":1134,"self":0.00049509999999999995,"total":0.00049509999999999995,"children":null},"RequestDecision":{"count":1134,"self":0.015277299999999999,"total":0.0172703,"children":{"RayPerceptionSensor.Perceive":{"count":1701,"self":0.001993,"total":0.001993,"children":null}}}}},"DecideAction":{"count":2833,"self":0.27304049999999996,"total":0.2875706,"children":{"RayPerceptionSensor.Perceive":{"count":1701,"self":0.014530099999999999,"total":0.014530099999999999,"children":null}}},"AgentAct":{"count":2833,"self":0.046381399999999996,"total":0.046381399999999996,"children":null},"RayPerceptionSensor.Perceive":{"count":3,"self":0,"total":0,"children":null}},"gauges":{"EnemyShipAgent.CumulativeReward":{"count":2,"max":-0.19569774,"min":-9.00222,"runningAverage":-4.598959,"value":-9.00222,"weightedAverage":-2.39732838}},"metadata":{"timer_format_version":"0.1.0","start_time_seconds":"1748782636","unity_version":"6000.0.36f1","command_line_arguments":"E:\\Unity\\6000.0.36f1\\Editor\\Unity.exe -projectpath F:\\Unity\\VR Project -useHub -hubIPC -cloudEnvironment production","communication_protocol_version":"1.5.0","com.unity.ml-agents_version":"3.0.0","scene_name":"MauroMLTest","end_time_seconds":"1748782699"}}