{"count":1,"self":1130.4768512,"total":7695.0122025,"children":{"InitializeActuators":{"count":60,"self":0.0024920999999999997,"total":0.0024920999999999997,"children":null},"InitializeSensors":{"count":60,"self":0.0030489,"total":0.0030489,"children":null},"AgentInfo.ToProto":{"count":1588,"self":0.0103839,"total":0.042233799999999995,"children":{"GenerateSensorData":{"count":1588,"self":0.0296822,"total":0.0318499,"children":{"RayPerceptionSensor.Perceive":{"count":1588,"self":0.0021677,"total":0.0021677,"children":null}}}}},"AgentSendState":{"count":1459768,"self":325.9366912,"total":492.82547689999996,"children":{"CollectObservations":{"count":10003414,"self":29.4943808,"total":29.4943806,"children":null},"WriteActionMask":{"count":10003414,"self":4.7663164,"total":4.7663164,"children":null},"RequestDecision":{"count":10003414,"self":16.201088,"total":132.6280847,"children":{"AgentInfo.ToProto":{"count":10003414,"self":13.4975376,"total":116.4269975,"children":{"GenerateSensorData":{"count":10003414,"self":82.81471359999999,"total":102.9294604,"children":{"RayPerceptionSensor.Perceive":{"count":10003414,"self":20.1147472,"total":20.114746999999998,"children":null}}}}}}}}},"DecideAction":{"count":1459768,"self":5718.9371904,"total":5718.9371863999995,"children":null},"AgentAct":{"count":1459768,"self":352.5369344,"total":352.72439349999996,"children":{"AgentInfo.ToProto":{"count":7393,"self":0.0362741,"total":0.1862603,"children":{"GenerateSensorData":{"count":7393,"self":0.1251798,"total":0.1499862,"children":{"RayPerceptionSensor.Perceive":{"count":7393,"self":0.0248064,"total":0.0248064,"children":null}}}}},"InitializeActuators":{"count":36,"self":0,"total":0,"children":null},"InitializeSensors":{"count":36,"self":0.0011994,"total":0.0011994,"children":null}}}},"gauges":{"EnemyShipAgent.CumulativeReward":{"count":8933,"max":531.316833,"min":-3449.96167,"runningAverage":52.27084,"value":32.3911,"weightedAverage":112.842308}},"metadata":{"timer_format_version":"0.1.0","start_time_seconds":"1749378967","unity_version":"6000.0.36f1","command_line_arguments":"E:\\Unity\\6000.0.36f1\\Editor\\Unity.exe -projectpath F:\\Unity\\VR Project -useHub -hubIPC -cloudEnvironment production","communication_protocol_version":"1.5.0","com.unity.ml-agents_version":"3.0.0","scene_name":"MauroMLAgent","end_time_seconds":"1749386662"}}